{"logits": {"_type": "histogram", "values": [2, 0, 0, 1, 2, 0, 2, 0, 2, 3, 1, 0, 1, 1, 0, 3, 1, 2, 1, 1, 1, 1, 1, 0, 0, 0, 0, 0, 399, 52, 0, 3], "bins": [-23.994218826293945, -23.244400024414062, -22.49458122253418, -21.744762420654297, -20.99494171142578, -20.2451229095459, -19.495304107666016, -18.745485305786133, -17.99566650390625, -17.245847702026367, -16.496028900146484, -15.746209144592285, -14.996390342712402, -14.24657154083252, -13.49675178527832, -12.746932983398438, -11.997114181518555, -11.247295379638672, -10.497475624084473, -9.74765682220459, -8.997838020324707, -8.248019218444824, -7.498199939727783, -6.748380661010742, -5.998561859130859, -5.248742580413818, -4.4989237785339355, -3.7491047382354736, -2.9992856979370117, -2.24946665763855, -1.499647617340088, -0.749828577041626, -9.536697689327411e-06]}, "_timestamp": 1704747570.831555, "_runtime": 14.561718940734863, "_step": 1916, "train_loss": 2.169203996658325, "train_acc": 0.09375, "epoch": 3, "trainer/global_step": 1875, "val_loss": 2.301687002182007, "val_acc": 0.10980000346899033, "_wandb": {"runtime": 13}}
