{"Training loss": 10947.822265625, "_timestamp": 1704742790.7109804, "_runtime": 51.43897247314453, "_step": 2999, "_wandb": {"runtime": 50}}
